<?xml version="1.0" encoding="UTF-8" ?>
<!DOCTYPE html PUBLIC "-//W3C//DTD XHTML 1.0 Strict//EN" "http://www.w3.org/TR/xhtml1/DTD/xhtml1-strict.dtd">
<html expr:dir='data:blog.languageDirection' xmlns='http://www.w3.org/1999/xhtml' xmlns:b='http://www.google.com/2005/gml/b' xmlns:data='http://www.google.com/2005/gml/data' xmlns:expr='http://www.google.com/2005/gml/expr'>
  <head>
    <b:include data='blog' name='all-head-content'/>
    <title><data:blog.pageTitle/></title>
    <b:skin><![CDATA[/*
-----------------------------------------------
Theme Name: Astra
Theme URI: http://www.skinpress.com/astra-blogger-template/
Description: Download free blogger templates from <a href="http://www.skinpress.com/">Skinpress.com</a>
Version: 1.0
Author: SkinPress.com
Author URI: http://www.skinpress.com/


Astra Blogger Template comes under a Creative Commons Attribution-Noncommercial-Share Alike 2.5 License. 
This means it is free to use on your blog, and you must keep the footer link intact, also as a respect to the designer.
We sincerely need your respect to continue our free Blogger template production, thank you.
----------------------------------------------- */

/* Variable definitions
   ====================
   <Variable name="textcolor" description="Text Color"
             type="color" default="#3d3d3d" value="#3d3d3d">
   <Variable name="linkcolor" description="Link Color"
             type="color" default="#3d3d3d" value="#3d3d3d">
   <Variable name="hoveredlinkcolor" description="Hovered Link Color"
             type="color" default="#3d3d3d" value="#3d3d3d">
   <Variable name="pagetitlecolor" description="Blog Title Color"
             type="color" default="#fff" value="#fff">
   <Variable name="pagedescriptioncolor" description="Blog Description Color"
             type="color" default="#fff" value="#fff">
   <Variable name="menulinkcolor" description="Menu Link Color"
             type="color" default="#000" value="#000">
   <Variable name="hoveredmenulinkcolor" description="Hovered Menu Link Color"
             type="color" default="#000" value="#000">
   <Variable name="welcomemessagetitlecolor" description="Welcome Message Title Color"
             type="color" default="#fff" value="#fff">
   <Variable name="welcomemessagetextcolor" description="Welcome Message Text Color"
             type="color" default="#686868" value="#686868">
   <Variable name="welcomemessagelinkcolor" description="Welcome Message Link Color"
             type="color" default="#8c6238" value="#8c6238">
   <Variable name="twittertitlecolor" description="Twitter Title Color"
             type="color" default="#cccccc" value="#cccccc">
   <Variable name="twittertextcolor" description="Twitter Text Color"
             type="color" default="#4c4c4c" value="#4c4c4c">
   <Variable name="twitterlinkcolor" description="Twitter Link Color"
             type="color" default="#ba5255" value="#ba5255">
   <Variable name="titlecolor" description="Post Title Color"
             type="color" default="#000" value="#000">
   <Variable name="postdatecolor" description="Post Date Color"
             type="color" default="#a0a0a0" value="#a0a0a0">
   <Variable name="postauthorcolor" description="Post Author Color"
             type="color" default="#636363" value="#636363">
   <Variable name="postauthorlinkcolor" description="Post Author Link Color"
             type="color" default="#636363" value="#636363">
   <Variable name="postcategorycolor" description="Post Category Color"
             type="color" default="#636363" value="#636363">
   <Variable name="postcategorylinkcolor" description="Post Category Link Color"
             type="color" default="#b84d25" value="#b84d25">
   <Variable name="postlinkcolor" description="Post Link Color"
             type="color" default="#9d080d" value="#9d080d">
   <Variable name="sidebarcolor" description="Sidebar Title Color"
             type="color" default="#000" value="#000">
   <Variable name="sidebartextcolor" description="Sidebar Text Color"
             type="color" default="#000" value="#000">
   <Variable name="sidebarlinkcolor" description="Sidebar Link Color"
             type="color" default="#000" value="#000">
   <Variable name="footertextcolor" description="Footer Text Color"
             type="color" default="#fff" value="#fff">
   <Variable name="footerlinkcolor" description="Footer Link Color"
             type="color" default="#fff" value="#fff">
   <Variable name="commenttitlecolor" description="Comment Title Color"
             type="color" default="#000" value="#000">
   <Variable name="commenttextcolor" description="Comment Text Color"
             type="color" default="#3d3d3d" value="#3d3d3d">
   <Variable name="commentmetacolor" description="Comment Meta Color"
             type="color" default="#333" value="#333">
   <Variable name="commentmetalinkcolor" description="Comment Meta Link Color"
             type="color" default="#9d080d" value="#9d080d">
			 
   <Variable name="bodyfont" description="Text Font"
             type="font" default="normal normal 90% Verdana, Geneva, sans-serif" value="normal normal 90% Verdana, Geneva, sans-serif">
   <Variable name="pagetitlefont" description="Blog Title Font"
             type="font"
             default="italic bold 480% Georgia, 'Times New Roman', Times, serif" value="italic bold 480% Georgia, 'Times New Roman', Times, serif">
   <Variable name="pagedescriptionfont" description="Blog Description Font"
             type="font"
             default="italic normal 140% Georgia, 'Times New Roman', Times, serif" value="italic normal 140% Georgia, 'Times New Roman', Times, serif">
   <Variable name="menufont" description="Menu Font"
             type="font"
             default="normal normal 100% Tahoma, Geneva, sans-serif" value="normal normal 100% Tahoma, Geneva, sans-serif">
   <Variable name="welcomemessagetitlefont" description="Welcome Message Title Font"
             type="font"
             default="italic normal 180% Georgia, 'Times New Roman', Times, serif" value="italic normal 180% Georgia, 'Times New Roman', Times, serif">
   <Variable name="welcomemessagefont" description="Welcome Message Font"
             type="font" default="normal normal 90% Verdana, Geneva, sans-serif" value="normal normal 90% Verdana, Geneva, sans-serif">
   <Variable name="twittertitlefont" description="Twitter Title Font"
             type="font"
             default="italic normal 200% Georgia, 'Times New Roman', Times, serif" value="italic normal 200% Georgia, 'Times New Roman', Times, serif">
   <Variable name="twitterfont" description="Twitter Font"
             type="font"
             default="normal normal 100% 'Courier New', Courier, monospace" value="normal normal 100% 'Courier New', Courier, monospace">			 
   <Variable name="posttitlefont" description="Post Title Font"
             type="font"
             default="normal normal 220% Georgia, 'Times New Roman', Times, serif" value="normal normal 220% Georgia, 'Times New Roman', Times, serif">
   <Variable name="postdatefont" description="Post Date Font"
             type="font"
             default="normal normal 105% Georgia, 'Times New Roman', Times, serif" value="normal normal 105% Georgia, 'Times New Roman', Times, serif">
   <Variable name="postauthorfont" description="Post Author Font"
             type="font"
             default="normal normal 105% Georgia, 'Times New Roman', Times, serif" value="normal normal 105% Georgia, 'Times New Roman', Times, serif">
   <Variable name="postcategoryfont" description="Post Category Font"
             type="font"
             default="normal bold 90% Arial, Helvetica, sans-serif" value="normal bold 90% Arial, Helvetica, sans-serif">
   <Variable name="headerfont" description="Sidebar Title Font"
             type="font"
             default="normal normal 170% Georgia, 'Times New Roman', Times, serif" value="normal normal 170% Georgia, 'Times New Roman', Times, serif">
   <Variable name="sidebarfont" description="Sidebar Text Font"
             type="font"
             default="normal normal 100% Verdana, Geneva, sans-serif" value="normal normal 100% Verdana, Geneva, sans-serif">
   <Variable name="commentheaderfont" description="Comment Title Font"
             type="font"
             default="normal normal 200% Georgia, 'Times New Roman', Times, serif" value="normal normal 200% Georgia, 'Times New Roman', Times, serif">
   <Variable name="commentmetafont" description="Comment Meta Font"
             type="font"
             default="normal normal 115% Georgia, 'Times New Roman', Times, serif" value="normal normal 115% Georgia, 'Times New Roman', Times, serif">
   <Variable name="commenttextfont" description="Comment Text Font"
             type="font"
             default="normal normal 100% Verdana, Geneva, sans-serif" value="normal normal 100% Verdana, Geneva, sans-serif">
   <Variable name="footerfont" description="Footer Font"
             type="font"
             default="normal normal 100% Verdana, Arial, Helvetica, sans-serif" value="normal normal 100% Verdana, Arial, Helvetica, sans-serif">
	
   <Variable name="startSide" description="Side where text starts in blog language"
             type="automatic" default="left" value="left">
   <Variable name="endSide" description="Side where text ends in blog language"
             type="automatic" default="right" value="right">
*/


/* Use this with templates/template-twocol.html */

#navbar-iframe{
	height:0px;
	visibility:hidden;
	display:none;
}

ul,ol,li,h1,h2,h3,h4,h5,h6,pre,form,body,html,p,blockquote,fieldset,input {
	margin:0;
	padding:0;
}
ul{
	list-style:none;
}
a{
    color:$linkcolor; 
	text-decoration:none;
}
a:hover{
    color:$hoveredlinkcolor; 
	text-decoration:underline;
}
a img{
	border:0;
}
.clear{
	clear:both;
}
body{
	margin:0px;
	padding:0 0 40px 0;
	font: x-small Verdana, Geneva, sans-serif;
	font-size/* */:/**/small;
	font-size: /**/small;
	background:#252525 url(http://i1018.photobucket.com/albums/af306/cloudxe/astra/bgr_main.png) repeat-x;
    color:$textcolor; 
}
#page{
	width:1000px;
	margin:0 auto;
}

/* HEADER */

#header{
	width:100%;
	height:121px;
	overflow:hidden;
	background:url(http://i1018.photobucket.com/albums/af306/cloudxe/astra/bgr_header.png) no-repeat;
}
#header #logo{
	float:left;
	padding:15px 0 0 70px;
}
#header #logo a{
    color:$pagetitlecolor;
    font:$pagetitlefont; 
	letter-spacing:-3px;
}
#header #logo a:hover{
	text-decoration:none;
}
#header #logo p{
	font-size:19px;
    color:$pagedescriptioncolor; 
    font:$pagedescriptionfont; 
	text-align:right;
	letter-spacing:-1px;
}
#header_links{
	float:right;
	padding:45px 40px 0 0;
}
#header_links img{
	float:right;
}

/* MENU */

#menu{
	width:100%;
	height:65px;
	background:url(http://i1018.photobucket.com/albums/af306/cloudxe/astra/bgr_menu.png) no-repeat;
}
#mainmenu{
	float:left;
	padding:23px 0 0 47px;
}
#mainmenu ul{
	margin: 0;
	padding: 0;
	list-style-type: none;
	z-index:1000;
}

/*Top level list items*/
#mainmenu ul li{
	position: relative;
	display: inline;
	float: left;
	z-index:1000;
	color:#000;
	padding:0 0 0 5px;
    font:$menufont; 
	text-transform:capitalize;
}
#mainmenu ul li.first{
	padding:0;
	background:none;
}

/*Top level menu link items style*/
#mainmenu ul li a{
	display:block;
    color:$menulinkcolor; 
	z-index:1000;
	padding:7px 14px 7px 14px;
}
* html #mainmenu ul li a{ /*IE6 hack to get sub menu links to behave correctly*/
	display: inline-block;
	float:left;
}
* html #mainmenu ul li ul li a{ /*IE6 hack to get sub menu links to behave correctly*/
	float:none;
}
#mainmenu ul li a:link, #mainmenucat ul li a:visited{
}
#mainmenu ul li a:hover, #mainmenu .current_page_item a, #mainmenu .select a{
	text-decoration:none;
	background:#000000;
    color:$hoveredmenulinkcolor; 
}

/*main_search*/

#main_search{
	float:right;
	width:306px;
}
#searchform_top{
	float:left;
	padding:25px 0 0 0;
}
#searchform_top_text{
	width:199px;
	padding:6px;
	color:#b3b3b3;
	font-size:12px;
	font-family:Arial, Helvetica, sans-serif;
	float:left;
	border:0;
	background:#000;
	margin:0 8px 0 0;
}
#gosearch{
	float:left;
}

/*board*/

#board{
	width:100%;
	height:312px;
	background:url(http://i1018.photobucket.com/albums/af306/cloudxe/astra/bgr_board.png) no-repeat;
}
#board_left{
	float:left;
	padding:27px 0 0 73px;
	width:627px;
}
#board_left h2{
	color:$welcomemessagetitlecolor;
    font:$welcomemessagetitlefont; 
	margin:0 0 20px 0;
}
#board_items{
	width:605px;
}
#board_body{
	width:100%;
}
#board_carusel{
	width:605px;
	height:128px;
	position:relative;
}
#board_carusel .belt{
	position: absolute; /*leave this value alone*/
	left: 0;
	top: 0;
}
.board_item{
	width:605px;
	height:120px;
	overflow:hidden;
}
#board_body strong{
	font-size:13px;
	color:#222d32;
	line-height:18px;
	display:block;
}
#board_body p{
    font:$welcomemessagefont; 
	color:$welcomemessagetextcolor;
	line-height:18px;
}
#board_body p img{
	float:left;
	margin:0 10px 0 0;
	width:160px;
	height:120px;
}
#board_body p a{
	color:$welcomemessagelinkcolor;
}
#board_body p.more a{
	text-decoration:underline;
	color:#8c6238;
	font-weight:bold;
}
#board_body p.more a:hover{
	text-decoration:none;
}
#board_carusel_nav{
	width:90%;
	overflow:hidden;
	padding:5px 0 0 0;
}
#board_carusel_nav li{
	float:left;
	padding:0 7px 0 0;
}
#board_carusel_nav img{
	float:left;
}

/*board_right*/

#board_right{
	width:298px;
	float:right;
	padding:31px 0 0 0;
}

/*sidebar_social*/

#sidebar_social{
	width:100%;
	overflow:hidden;
}
#sidebar_social ul{
	float:right;
	padding:20px 5px 0 0;
}
#sidebar_social ul li{
	float:left;

}
#sidebar_social ul li img{
	float:left;
}

/*board_twitters*/

#board_twitters{
	float:right;
	width:288px;
	padding:20px 0 0 0;
}
#board_twitters h2{
	font:$twittertitlefont;
	color:$twittertitlecolor;
}
#twitter_update_list{
	width:217px;
	padding:47px 0 0 4px;
}
#twitter_update_list li{
	padding:7px 0 7px 0;
	font:$twitterfont;
	line-height:1.6em;
	color:$twittertextcolor;
}
#twitter_update_list li a{
	display:block;
	color:$twitterlinkcolor;
	text-decoration:underline;
}
#twitter_update_list li a:hover{
	text-decoration:none;
}
#twitter_update_list li span a{
	display:inline;
	font-weight:normal;
	color:#4c4c4c;
}
#board_twitters .link{
	position:absolute;
	margin:222px 0 0 197px;
}

/* BODY */

#body{
	width:100%;
	padding:0 0 60px 0;
	background:#fff url(http://i1018.photobucket.com/albums/af306/cloudxe/astra/bgr_body.png) repeat-y;
	overflow:hidden;
}
#content{
	width:548px;
	float:left;
	padding:0 0 0 87px;
}
#sidebar{
	width:290px;
	float:right;
	padding:0 29px 0 0;
}
.page #content{
	width:578px;
	padding:0 0 0 67px;
}

/* post */

.post{
	width:100%;
	margin:0 0 40px 0;
}
.post_date{
	position:absolute;
	text-align:center;
	color:$postdatecolor;
	font:$postdatefont;
	width:58px;
	height:112px;
	background:url(http://i1018.photobucket.com/albums/af306/cloudxe/astra/bgr_post_date.png) no-repeat;
	padding:0 5px 0 0;
	margin:0 0 0 -78px;
	font-size:13px;
	line-height:1.5em;
}
.post_date .m{
	padding:16px 0 0 0;
}
.post_date .d{

}
.post .post_top{
	width:100%;
	overflow:hidden;
	padding:0 0 20px 0;
	margin:0 0 10px 0;
	background:url(http://i1018.photobucket.com/albums/af306/cloudxe/astra/bgr_post_top.png) no-repeat left bottom;
}
.post .post_title{
}
.post_title h2{
    font:$posttitlefont; 
    color:$titlecolor; 
}
.post_title h2 a{
    color:$titlecolor; 
}
.post_top_data{
	width:100%;
	overflow:hidden;
	clear:both;
}
.post .post_top p{
	line-height:1.4em;
	padding:3px 0 3px 0;
}
.post .post_top .post_author{
	color:$postauthorcolor;
	padding:6px 0 6px 0;
	font:$postauthorfont;
}
.post .post_top .post_author a{
	color:$postauthorlinkcolor;
}
.post .post_top .post_cats {
	color:$postcategorycolor;
	font:$postcategoryfont;
}
.post .post_cats span, .post .post_top .post_cats a{
	color:$postcategorylinkcolor;

}
.post .post_tags{
	font-weight:bold;
}
.post .post_tags span, .post .post_top .post_tags a{
	color:#a5660f;
	font-weight:normal;
}
.entry{
    font:$bodyfont; 
	width:100%;
	overflow:hidden;
}
.entry img{
	border:1px solid #333;
}
.entry .banner{
	text-align:center;
	padding:0 0 10px 0;
}
.entry .banner img{
	border:0;
	padding:0;
}
.banner_left{
	float:left;
	padding:0 20px 10px 0;
}
.entry .banner_left img{
	border:0;
	padding:0;
}
.entry p{
	line-height:20px;
	padding-bottom:15px;
}
.entry p a{
	color:$postlinkcolor;
	font-weight:bold;
	text-decoration:underline;
}
.entry p a:hover{
	text-decoration:none;
}
.entry .more-link{
	display:block;
	color:$linkcolor;
	margin:10px 0 0 0;
	padding:10px 10px 10px 0;
	text-decoration:none;
	text-align:right;
	background:url(http://i1018.photobucket.com/albums/af306/cloudxe/astra/bgr_more.png) no-repeat right top;
}
.entry .more-link:hover{
	text-decoration:underline;
}

/* SIDE BAR */

/* ADS */
#sidebar_ads{
	width:100%;
	overflow:hidden;
}
#sidebar_ads div{
	float:left;
	padding:0 0 10px 5px;
}
#sidebar_ads div img{
	float:left;
}

/*sidebars*/

.sidebar_widgets_top{
	width:100%;
	height:46px;
	background:url(http://i1018.photobucket.com/albums/af306/cloudxe/astra/bgr_sidebar_widgets_top.png) no-repeat;
}
.sidebar_widgets_end{
	width:100%;
	height:86px;
	background:url(http://i1018.photobucket.com/albums/af306/cloudxe/astra/bgr_sidebar_widgets_end.png) no-repeat;
}
.sidebar_widgets{
    font:$sidebarfont; 
	line-height:1.5em;
    color:$sidebartextcolor; 
	background:url(http://i1018.photobucket.com/albums/af306/cloudxe/astra/bgr_sidebar_widgets.png) repeat-y;
	padding:10px 36px 0 36px;
	width:218px;
	overflow:hidden;
}
.sidebar_widgets a{
    color:$sidebarlinkcolor; 
}
.sidebar_widgets h2{
	line-height:1.3em;
    color:$sidebarcolor; 
    font:$headerfont; 
	margin:0 0 10px 0;
}

.sidebar_widgets ul{
	color:#f26521;
}
.sidebar_widgets ul li{
	margin:0 0 20px 0;
}
.sidebar_widgets ul ul{
}
.sidebar_widgets ul li{
	border-bottom:1px solid #dbdbdb;
	padding:7px 0 7px 21px;
	margin:0;
	width:auto;
	background:url(http://i1018.photobucket.com/albums/af306/cloudxe/astra/ico_cat.gif) no-repeat left;
}

.sidebar_widgets .widget-content {
	margin: 0 0 30px 0;
}

/* FOOTER */

#footer{
	width:100%;
	height:147px;
	overflow:hidden;
	background:url(http://i1018.photobucket.com/albums/af306/cloudxe/astra/bgr_footer.png) no-repeat;
}
#footer_info{
	text-align:center;
	padding:20px 0 0 0;
}
#footer_info p{
    color:$footertextcolor; 
    font:$footerfont; 
	line-height:1.6em;
}
#footer_info p a{
    color:$footerlinkcolor; 
	text-decoration:underline;
}
#footer_info p a:hover{
	text-decoration:none;
}

/* Begin Images */
p img {
	padding: 0;
	max-width: 100%;
	}

img.centered {
	display: block;
	margin-left: auto;
	margin-right: auto;
	}

img.alignright {
	padding: 4px;
	margin: 0 0 2px 7px;
	display: inline;
	}

img.alignleft {
	padding: 4px;
	margin: 0 7px 2px 0;
	display: inline;
	}

.alignright {
	float: right;
	}

.alignleft {
	float: left
	}
/* End Images */


/* Begin Various Tags & Classes */
acronym, abbr, span.caps {
	cursor: help;
	}

acronym, abbr {
	border-bottom: 1px dashed #999;
	}

blockquote {
	margin: 15px 30px 10px 10px;
	padding-left: 24px;
	padding-bottom:7px;
	background:url(http://i1018.photobucket.com/albums/af306/cloudxe/astra/blockquote_bg.gif) repeat-y;
	}

blockquote blockquote{
	background:url(http://i1018.photobucket.com/albums/af306/cloudxe/astra/blockquote_bg2.gif) repeat-y;
	}

blockquote cite {
	margin: 5px 0 0;
	display: block;
	}

.center {
	text-align: center;
	}

hr {
	display: none;
	}

a img {
	border: none;
	}


.navigation {
	display: block;
	margin:10px 0 0 0;
	overflow:hidden;
	clear:both;
	color:#000;
	line-height:1.8em;
	}
	
.navigation a{
	color:#000;
	font-size:13px;
	}
	
/* End Various Tags & Classes*/

.entry ul {
	margin: 0 10px 15px 30px;
	list-style: none;
	padding:0 15px 15px 20px;
	} 

.entry ul li {
	border-bottom:1px solid #d2d2d2;
	background:url(http://i1018.photobucket.com/albums/af306/cloudxe/astra/ico_entry.gif) no-repeat left 13px;
	padding:7px 0 7px 15px;
	}

.entry ol {
	margin: 0 10px 15px 30px;
	padding:0 15px 15px 40px;
	}

.entry ol li {
	margin: 0;
	padding:7px 0 7px 0;
	border-bottom:1px solid #d2d2d2;
	}

.postmetadata ul, .postmetadata li {
	display: inline;
	list-style-type: none;
	list-style-image: none;
	}
	
ol li{
	list-style: decimal outside;
	}
	
/* End Entry Lists */

#commentform{
	width:400px;
}

#commentform input {
	width: 170px;
	padding: 2px;
	margin: 5px 5px 1px 0;
	}

#commentform textarea {
	width: 350px;
	padding: 2px;
	}

#commentform #submit {
	margin: 5px 0 0 0;
	padding:0;
	width:85px;
	height:35px;
	}
/* End Form Elements */


/* Begin Comments*/

h2#comments{
    font:$commentheaderfont; 
	color:$commenttitlecolor;
	margin:10px 0 10px 25px;
}

.alt {
	margin: 0;
	padding: 10px;
	}

.commentlist {
	padding: 0;
	text-align: justify;
	margin:0 0 0 25px;
	}

.commentlist .comment {
	margin: 15px 0 0 0;
	padding: 10px 15px 20px 15px;
	list-style: none;
	border:1px solid #dadada;
	background:#f3f3f3;
	}

.commentlist .alt {
	border:1px solid #cbcbcb;
	background:#fafafa;
	}

.commentlist .comment .comment {
	margin: 15px 15px 15px 15px;
	padding: 10px 15px 20px 15px;
	width:auto;
	}

.commentlist p {
	margin: 10px 5px 10px 0;
	line-height:18px;
	font:$commenttextfont; 
    color:$commenttextcolor; 
	}
.commentmet_data{
	width:100%;
	overflow:hidden;
}
.commentmet_data td{
	vertical-align:top;
	text-align:left;
}
.commentmet_avatar{
	width:102px;
	padding:15px 0 0 0;
}
.commentmet_text{
}
.commentmet_avatar img{
	border:2px solid #868686;
}

#commentform p {
	margin: 5px 0;
	}

.commentmet_replay{
	width:100%;
	overflow:hidden;
}
.commentmet_replay a{
	float:right;
	display:block;
	text-indent:-9999px;
	text-transform:capitalize;
	background:url(http://i1018.photobucket.com/albums/af306/cloudxe/astra/button_replay.gif) no-repeat;
	width:73px;
	height:27px;
}

.nocomments {
	text-align: center;
	margin: 0;
	padding: 0;
	}

.commentmetadata {
	margin: 0;
	display: block;
	padding:0 0 5px 0;
    color:$commentmetacolor; 
    font:$commentmetafont; 
	text-transform:capitalize;
	}
.commentmetadata a{
    color:$commentmetalinkcolor; 
}
.commentmetadata span{
	color:#9d080d;
	font-size:20px;
}

.commentmet_text{
	font-size:12px;
	line-height:1.4em;
}

#respond{
	margin:40px 0 0 20px;
}
.commentlist #respond{
	margin:10px 0 0 0;
}
h3#respond_title{
    font:$commentheaderfont; 
    color:$commenttitlecolor; 
	border-bottom:1px solid #cccccc;
	padding:0 0 6px 5px;
	margin:0 17px 10px 0;
}

#commentform{
	margin-left:25px;
	color:#000;
	font-size:12px;
	width:90%;
}

#commentform small{
	position:relative;
	top:-1px;
	font-size:12px;
}
#cancel-comment-reply-link{
	font-size:12px;
	color:#000;
	margin:0 0 0 25px;
}

#commentform a, #commentform small{
	color:#000;
}

#commentform input{
	background:#fff;
	border:3px solid #d9d9d9;
	font-family:Verdana, Arial, Helvetica, sans-serif;
	font-size:12px;
	padding:4px;
	color:#000000;
}

#commentform textarea{
	background:#fff;
	border:3px solid #d9d9d9;
	font-family:Verdana, Arial, Helvetica, sans-serif;
	font-size:12px;
	padding:4px;
	margin:5px 0 0 0;
	color:#000000;
	overflow:auto;
}

#commentform input#submit{
	background:none;
	border:0px;
}

/* End Comments */

.comment-form{
	margin:25px 0px 0px 0px; 
	max-width:567px !important;
	width:567px !important;
	font:$bodyfont;
}

h4.backlinks{
	font:$commentheaderfont;
	color:$commenttitlecolor;
	padding:0 0 20px 0px;
	margin:0 0 10px 0px;
}

a.blog-pager-newer-link{
    float: left;
	padding: 6px 6px 6px 0px;
	margin: 4px 4px 4px 0px;
	color:$linkcolor;
}

a.blog-pager-older-link{
	float: right;
	padding: 6px 0px 6px 26px;
	margin: 4px 0px 4px 4px;
	color:$linkcolor;
}

a.home-link{
    position:absolute;
	padding: 8px 2px 2px 2px;
	margin: 2px;
	color:$linkcolor;
}

#blog-pager{
	text-align:center;
	color:$linkcolor;
	font:$bodyfont;
}

.feed-links{
	margin: 30px 0 0px 0px;
	color:$linkcolor;
}

.feed-links a:hover{
	color:$linkcolor;
}

.feed-link{
	color:$linkcolor;
	font:$bodyfont;
}

.feed-link a:hover{
	color:$linkcolor;
}

#backlinks-container{
	font:$bodyfont;
}

]]></b:skin>

<script language='javascript'>
function doClear(theText){
 if (theText.value == theText.defaultValue){
         theText.value = ''
 }
}
</script>

<!--[if lte IE 7]>
<style type='text/css'>
#sidebar_social ul{
	float:right;
	padding:2px 5px 0 0;
}
</style>
<![endif]-->
	
</head>

<body>

<!-- Page -->
<div id='page'>

    <!-- skip links for text browsers -->
    <span id='skiplinks' style='display:none;'>
      <a href='#main'>skip to main </a> |
      <a href='#sidebar'>skip to sidebar</a>
    </span>

	<!-- Header -->
    <div id='header'>
	<div id='logo'>
<b:section class='blogname' id='blogname' maxwidgets='1' showaddelement='no'>
<b:widget id='Header1' locked='true' title='Extension (Header)' type='Header'>
<b:includable id='main'>

  <b:if cond='data:useImage'>
    <b:if cond='data:imagePlacement == &quot;REPLACE&quot;'>
      <!--Show just the image, no text-->
      <div id='header-inner'>
        <a expr:href='data:blog.homepageUrl' style='display: block'>
          <img expr:alt='data:title' expr:height='data:height' expr:id='data:widget.instanceId + &quot;_headerimg&quot;' expr:src='data:sourceUrl' expr:width='data:width' style='display: block'/>
        </a>
      </div>
    <b:else/>
      <!--
      Show image as background to text. You can't really calculate the width
      reliably in JS because margins are not taken into account by any of
      clientWidth, offsetWidth or scrollWidth, so we don't force a minimum
      width if the user is using shrink to fit.
      This results in a margin-width's worth of pixels being cropped. If the
      user is not using shrink to fit then we expand the header.
      -->
      <div expr:style='&quot;background-image: url(\&quot;&quot; + data:sourceUrl + &quot;\&quot;); &quot;                      + &quot;background-position: &quot;                      + data:backgroundPositionStyleStr + &quot;; &quot;                      + data:widthStyleStr                      + &quot;min-height: &quot; + data:height + &quot;px;&quot;                      + &quot;_height: &quot; + data:height + &quot;px;&quot;                      + &quot;background-repeat: no-repeat; &quot;' id='header-inner'>
        <div class='titlewrapper' style='background: transparent'>
          <h1 class='title' style='background: transparent; border-width: 0px'>
            <b:include name='title'/>
          </h1>
        </div>
        <b:include name='description'/>
      </div>
    </b:if>
  <b:else/>
    <!--No header image -->
    <b:include name='title'/>
	<b:include name='description'/>
  </b:if>
</b:includable>
<b:includable id='title'>
  <b:if cond='data:blog.url == data:blog.homepageUrl'>
    <a expr:href='data:blog.homepageUrl'><data:title/></a>
  <b:else/>
    <a expr:href='data:blog.homepageUrl'><data:title/></a>
  </b:if>
</b:includable>
<b:includable id='description'>
    <p><data:description/></p>
</b:includable>
</b:widget>
</b:section>
	</div>
	
	<div id='header_links'>
		<a href='YOUR-LINK-HERE' title='RSS'><img src="http://s1018.photobucket.com/albums/af306/cloudxe/astra/button_rss.png" alt='RSS' /></a>
	</div>
	
    </div>
	<!-- /Header-->

  <!-- Top Navigation Menu -->
  <div id='menu'>
  <div id='mainmenu'>
    <b:section class='mainmenu1' id='mainmenu1' preferred='yes' showaddelement='no'>
    <b:widget id='LinkList99' locked='true' title='Top Navigation Menu' type='LinkList'>
    <b:includable id='main'>
      <div class='widget-content'>
	   <ul>
	     <b:loop values='data:links' var='link'>
		   <li><a expr:href='data:link.target'><data:link.name/></a></li>
	     </b:loop>
	   </ul>
     </div>
    </b:includable>
    </b:widget>
	</b:section>
  </div>

  <div id='main_search'>
    <form method='get' id='searchform_top' action='/search'>
    <div>
      <input type='text' value='Type your search here...' name='q' id='searchform_top_text' onclick='doClear(this)' />
      <input type='image' src='http://s1018.photobucket.com/albums/af306/cloudxe/astra/button_go.gif' id='gosearch' />
    </div>
    </form>
  </div>
  </div>
  <!-- /Top Navigation Menu -->
  
  <!-- Board -->
  <div id='board'>
  <div id='board_left'>
  <h2>Welcome Message</h2>
  <div id='board_items'>
  <div id='board_body'>
  <div id='board_carusel'>
  <div class='belt'>
  <div class='board_item'>
  <b:section class='board_item1' id='board_item1' showaddelement='no'>
  <b:widget id='HTML99' locked='true' title='Welcome Message' type='HTML'>
  <b:includable id='main'>
    <div class='widget-content'>
	  <p><data:content/></p>
    </div>
  </b:includable>
  </b:widget>
  </b:section>
  </div>
  </div>
  </div>
  </div>
  
  <ul id='board_carusel_nav'>
    <li></li>
    <li></li>
  </ul>
  </div>

  <div id='sidebar_social'>
  <ul>
    <li><a href='FACEBOOK-LINK-HERE' title='Facebook'><img src='http://s1018.photobucket.com/albums/af306/cloudxe/astra/button_facebook.png' alt='facebook' /></a></li>
    <li><a href='STUMBLEUPON-LINK-HERE' title='StumbleUpon'><img src='http://s1018.photobucket.com/albums/af306/cloudxe/astra/button_stuble.png' alt='stuble' /></a></li>
    <li><a href='REDDIT-LINK-HERE' title='Reddit'><img src='http://s1018.photobucket.com/albums/af306/cloudxe/astra/button_reddit.png' alt='reddit' /></a></li>
    <li><a href='DIGG-LINK-HERE' title='Digg'><img src='http://s1018.photobucket.com/albums/af306/cloudxe/astra/button_digg.png' alt='digg' /></a></li>
    <li><a href='DELICIOUS-LINK-HERE' title='Delicious'><img src='http://s1018.photobucket.com/albums/af306/cloudxe/astra/button_delicious.png' alt='delicious' /></a></li>
    <li><a href='TECHNORATI-LINK-HERE' title='Technorati'><img src='http://s1018.photobucket.com/albums/af306/cloudxe/astra/button_technocrati.png' alt='Technocrati' /></a></li>
  </ul>
  </div>
  </div>
  
  <!-- Twitter -->
  <div id='board_twitters'>
    <a class='link' href='TWITTER-ID-HERE'>
	<img src='http://s1018.photobucket.com/albums/af306/cloudxe/astra/button_twitter.png' alt='twitter' /></a>
	<h2>Follow on Tweets</h2>
	<ul id='twitter_update_list'>
	  <b:section class='twitter_update_list1' id='twitter_update_list1' showaddelement='no'>
	  <b:widget id='HTML98' locked='true' title='Twitter Update' type='HTML'>
	  <b:includable id='main'>
		<div class='widget-content'>
		  <li><data:content/></li>
		</div>
	  </b:includable>
	  </b:widget>
	  </b:section>
	</ul>
  </div>
  <!-- /Twitter -->
  
  </div>
  <!-- /Board -->
  
  <!-- Body -->
  <div id='body'>
    
	<!-- Content -->
    <div id='content' class='narrowcolumn'>
	
      <div id='crosscol-wrapper' style='text-align:center'>
	    <b:section class='crosscol' id='crosscol' showaddelement='no'/>
      </div>

<b:section class='main' id='main' showaddelement='no'>
<b:widget id='Blog1' locked='true' title='Blog Posts' type='Blog'>
<b:includable id='main' var='top'>
  <!-- posts -->
  <div class='blog-posts hfeed'>

    <b:include data='top' name='status-message'/>

    <data:adStart/>
    <b:loop values='data:posts' var='post'>
      <b:include data='post' name='post'/>
      <b:if cond='data:blog.pageType == &quot;item&quot;'>
        <b:include data='post' name='comments'/>
      </b:if>
      <b:if cond='data:post.includeAd'>
        <data:adEnd/>
        <data:adCode/>
        <data:adStart/>
      </b:if>
    </b:loop>
    <data:adEnd/>
  </div>

  <!-- navigation -->
  <div class='navigation'>
  <b:include name='nextprev'/>
  </div>

  <!-- feed links -->
  <b:include name='feedLinks'/>
  
  <b:if cond='data:top.showStars'>
    <script src='http://www.google.com/jsapi' type='text/javascript'/>
    <script type='text/javascript'>
      google.load(&quot;annotations&quot;, &quot;1&quot;,{&quot;locale&quot;: &quot;<data:top.languageCode/>&quot;});
      function initialize(){
        google.annotations.setApplicationId(<data:top.blogspotReviews/>);
        google.annotations.createAll();
        google.annotations.fetch();
      }
      google.setOnLoadCallback(initialize);
    </script>
  </b:if>

</b:includable>
<b:includable id='nextprev'>
  <div class='blog-pager' id='blog-pager'>
    <b:if cond='data:newerPageUrl'>
      <span id='blog-pager-newer-link'>
      <a class='blog-pager-newer-link' expr:href='data:newerPageUrl' expr:id='data:widget.instanceId + &quot;_blog-pager-newer-link&quot;' expr:title='data:newerPageTitle'><data:newerPageTitle/></a>
      </span>
    </b:if>

    <b:if cond='data:olderPageUrl'>
      <span id='blog-pager-older-link'>
      <a class='blog-pager-older-link' expr:href='data:olderPageUrl' expr:id='data:widget.instanceId + &quot;_blog-pager-older-link&quot;' expr:title='data:olderPageTitle'><data:olderPageTitle/></a>
      </span>
    </b:if>

    <b:if cond='data:blog.homepageUrl != data:blog.url'>
      <a class='home-link' expr:href='data:blog.homepageUrl'><data:homeMsg/></a>
      <b:else/>
      <b:if cond='data:newerPageUrl'>
        <a class='home-link' expr:href='data:blog.homepageUrl'><data:homeMsg/></a>
      </b:if>
    </b:if>
	
  </div>
  <div class='clear'/>
</b:includable>

<b:includable id='post' var='post'>
  <div id='post' class='post'>
  <a expr:name='data:post.id'/>
    <div class='post_date'>
	  <script type='text/javascript'>
	  var timestamp = &quot;<data:post.timestamp/>&quot;;
	  if (timestamp != &#39;&#39;) {
	  var timesplit = timestamp.split(&quot;,&quot;);
	  var date_yyyy = timesplit[2];
	  var timesplit = timesplit[1].split(&quot; &quot;);
	  var date_dd = timesplit[2];
	  var date_mmm = timesplit[1].substring(0, 3);
	  }
	  </script>
	  <p class='m'><script type='text/javascript'>document.write(date_mmm);</script></p>
	  <p class='d'><script type='text/javascript'>document.write(date_dd);</script></p>
	  <p class='y'><script type='text/javascript'>document.write(date_yyyy);</script></p>
    </div>
	
    <b:if cond='data:post.title'>
	<div class='post_top'>
	<div class='post_title'>
      <h2>
     <b:if cond='data:post.link'>
       <a expr:href='data:post.link'><data:post.title/></a>
     <b:else/>
        <b:if cond='data:post.url'>
          <a expr:href='data:post.url'><data:post.title/></a>
        <b:else/>
          <data:post.title/>
        </b:if>
     </b:if>
      </h2>
	</div>

	<div class='post_top_data'>
	  <p class='post_author'>
	    <b:if cond='data:top.showAuthor'>
        Posted by
        <b><data:post.author/></b>
        </b:if> |
	    <b:if cond='data:blog.pageType != &quot;item&quot;'>
	      <b:if cond='data:post.allowComments'>
		Comments: <a class='commentlink' expr:href='data:post.addCommentUrl' expr:onclick='data:post.addCommentOnclick'>(<data:post.numComments/>)</a>
	      </b:if>
	    </b:if>
	  </p>
	  <p class='post_cats'>
	    Posted in
	    <b:if cond='data:post.labels'>
          <b:loop values='data:post.labels' var='label'>
            <span><a expr:href='data:label.url' rel='tag'><data:label.name/></a></span>
		    <b:if cond='data:label.isLast != &quot;true&quot;'>,</b:if>
          </b:loop>
        </b:if>
	  </p>
	</div>

	</div>
    </b:if>

    <div class='post-header-line-1'/>

	<div class='entry'>
	<p>
      <data:post.body/>
	  <div style='clear: both;'/> <!-- clear for photos floats -->
      <div style='clear'/>
	</p>
	
	<div class='edit'></div>
	
	<b:if cond='data:post.hasJumpLink'>
      <div class='more-link'>
        <a expr:href='data:post.url + &quot;#more&quot;'><data:post.jumpText/></a>  
      </div>
    </b:if>
    </div>

    <div class='post-footer'>
    <div class='post-footer-line post-footer-line-1'>
  
      <span class='reaction-buttons'>
        <b:if cond='data:top.showReactions'>
          <table border='0' cellpadding='0' cellspacing='0' width='100%'><tr>
            <td class='reactions-label-cell' nowrap='nowrap' valign='top' width='1%'>
              <span class='reactions-label'>
              <data:top.reactionsLabel/></span>&#160;</td>
            <td><iframe allowtransparency='true' class='reactions-iframe' expr:src='data:post.reactionsUrl' frameborder='0' name='reactions' scrolling='no'/></td>
           </tr></table>
        </b:if>
      </span>

      <span class='star-ratings'>
        <b:if cond='data:top.showStars'>
           <div expr:g:background-color='data:backgroundColor' expr:g:text-color='data:textColor' expr:g:url='data:post.absoluteUrl' g:height='42' g:type='RatingPanel' g:width='280'/>
        </b:if>
      </span> 
	  
    <b:if cond='data:blog.pageType == &quot;item&quot;'>
      <span class='post-icons'>
        <!-- email post links -->
        <b:if cond='data:post.emailPostUrl'>
          <span class='item-action'>
          <a expr:href='data:post.emailPostUrl' expr:title='data:top.emailPostMsg'>
              <img alt='' class='icon-action' height='13' src='http://www.blogger.com/img/icon18_email.gif' width='18'/>
          </a>
          </span>
        </b:if>

        <!-- quickedit pencil -->
        <b:include data='post' name='postQuickEdit'/>
      </span>
	</b:if>
      </div>

      <div class='post-footer-line post-footer-line-2'>
      </div>

      <div class='post-footer-line post-footer-line-3'>
      <span class='post-location'>
        <b:if cond='data:top.showLocation'>
          <b:if cond='data:post.location'>
            <data:postLocationLabel/>
            <a expr:href='data:post.location.mapsUrl' target='_blank'><data:post.location.name/></a>
          </b:if>
        </b:if>
      </span>
      </div>
    </div>
  </div>
</b:includable>

<b:includable id='postQuickEdit' var='post'>
<b:if cond='data:blog.pageType == &quot;item&quot;'>
  <b:if cond='data:post.editUrl'>
    <span expr:class='&quot;item-control &quot; + data:post.adminClass'>
      <a expr:href='data:post.editUrl' expr:title='data:top.editPostMsg'>
        <img alt='' class='icon-action' height='18' src='http://www.blogger.com/img/icon18_edit_allbkg.gif' width='18'/>
      </a>
    </span>
  </b:if>
</b:if>
</b:includable>
<b:includable id='commentDeleteIcon' var='comment'>
<b:if cond='data:blog.pageType == &quot;item&quot;'>
  <span expr:class='&quot;item-control &quot; + data:comment.adminClass'>
    <a expr:href='data:comment.deleteUrl' expr:title='data:top.deleteCommentMsg'>
      <img src='http://www.blogger.com/img/icon_delete13.gif'/>
    </a>
  </span>
</b:if>
</b:includable>
<b:includable id='backlinkDeleteIcon' var='backlink'>
<b:if cond='data:blog.pageType == &quot;item&quot;'>
  <span expr:class='&quot;item-control &quot; + data:backlink.adminClass'>
    <a expr:href='data:backlink.deleteUrl' expr:title='data:top.deleteBacklinkMsg'>
      <img src='http://www.blogger.com/img/icon_delete13.gif'/>
    </a>
  </span>
</b:if>
</b:includable>
<b:includable id='comments' var='post'>
  <div class='comments' id='comments'>
    <a name='comments'/>
    <b:if cond='data:post.allowComments'>
      <h2 id='comments'>
          Comments (<data:post.numComments/>)
      </h2>

      <b:if cond='data:post.commentPagingRequired'>
        <span class='paging-control-container'>
          <a expr:class='data:post.oldLinkClass' expr:href='data:post.oldestLinkUrl'><data:post.oldestLinkText/></a>
          &#160;
          <a expr:class='data:post.oldLinkClass' expr:href='data:post.olderLinkUrl'><data:post.olderLinkText/></a>
          &#160;
          <data:post.commentRangeText/>
          &#160;
          <a expr:class='data:post.newLinkClass' expr:href='data:post.newerLinkUrl'><data:post.newerLinkText/></a>
          &#160;
          <a expr:class='data:post.newLinkClass' expr:href='data:post.newestLinkUrl'><data:post.newestLinkText/></a>
        </span>
      </b:if>

      <div class='commentlist'>
	  <div class='comment' id='comment'>
        <b:loop values='data:post.comments' var='comment'>
		  <div class='commentmetadata'>
          <dt expr:class='&quot;comment-author &quot; + data:comment.authorClass' expr:id='data:comment.anchorName'>
            <a expr:name='data:comment.anchorName'/>
            <b:if cond='data:comment.authorUrl'>
              <span><a expr:href='data:comment.authorUrl' rel='nofollow'><data:comment.author/></a></span>
            <b:else/>
              <span><data:comment.author/></span>
            </b:if>
            Said on <data:comment.timestamp/>
          </dt>
		  </div>
          <div class='commentmet_text'>
            <b:if cond='data:comment.isDeleted'>
              <span class='deleted-comment'><data:comment.body/></span>
            <b:else/>
              <p><data:comment.body/></p>
              <b:include data='comment' name='commentDeleteIcon'/>
            </b:if>
		  <div class='commentmet_replay'></div>
          </div>
        </b:loop>
	  </div>
      </div>

      <b:if cond='data:post.commentPagingRequired'>
        <span class='paging-control-container'>
          <a expr:class='data:post.oldLinkClass' expr:href='data:post.oldestLinkUrl'>
            <data:post.oldestLinkText/>
          </a>
          <a expr:class='data:post.oldLinkClass' expr:href='data:post.olderLinkUrl'>
            <data:post.olderLinkText/>
          </a>
          &#160;
          <data:post.commentRangeText/>
          &#160;
          <a expr:class='data:post.newLinkClass' expr:href='data:post.newerLinkUrl'>
            <data:post.newerLinkText/>
          </a>
          <a expr:class='data:post.newLinkClass' expr:href='data:post.newestLinkUrl'>
            <data:post.newestLinkText/>
          </a>
        </span>
      </b:if>

      <p class='comment-footer'>

        <b:if cond='data:post.embedCommentForm'>
          <b:include data='post' name='comment-form'/>
        <b:else/>
          <b:if cond='data:post.allowComments'>
            <a expr:href='data:post.addCommentUrl' expr:onclick='data:post.addCommentOnclick'><data:postCommentMsg/></a>
          </b:if>
        </b:if>

      </p>
    </b:if>

    <div id='backlinks-container'>
    <div expr:id='data:widget.instanceId + &quot;_backlinks-container&quot;'>
       <b:if cond='data:post.showBacklinks'>
         <b:include data='post' name='backlinks'/>
       </b:if>
    </div>
    </div>
  </div>
</b:includable>
<b:includable id='comment-form' var='post'>
  <div class='comment-form'>
    <a name='comment-form'/>
    <h3 id='respond_title'><data:postCommentMsg/></h3>
    <p><data:blogCommentMessage/></p>
    <data:blogTeamBlogMessage/>
    <a expr:href='data:post.commentFormIframeSrc' id='comment-editor-src'/>
    <iframe allowtransparency='true' class='blogger-iframe-colorize' frameborder='0' height='275' id='comment-editor' scrolling='no' src='' width='100%'/>
    <data:post.iframeColorizer/>
  </div>
</b:includable>
<b:includable id='backlinks' var='post'>
  <a name='links'/><h4 class='backlinks'><data:post.backlinksLabel/></h4>
  <b:if cond='data:post.numBacklinks != 0'>
    <dl class='comments-block' id='comments-block'>
      <b:loop values='data:post.backlinks' var='backlink'>
        <div class='collapsed-backlink backlink-control'>
          <dt class='comment-title'>
            <span class='backlink-toggle-zippy'>&#160;</span>
            <a expr:href='data:backlink.url' rel='nofollow'><data:backlink.title/></a>
            <b:include data='backlink' name='backlinkDeleteIcon'/>
          </dt>
          <dd class='comment-body collapseable'>
            <data:backlink.snippet/>
          </dd>
          <dd class='comment-footer collapseable'>
            <span class='comment-author'><data:post.authorLabel/> <data:backlink.author/></span>
            <span class='comment-timestamp'><data:post.timestampLabel/> <data:backlink.timestamp/></span>
          </dd>
        </div>
      </b:loop>
    </dl>
  </b:if>
  <p class='comment-footer'>
    <a class='comment-link' expr:href='data:post.createLinkUrl' expr:id='data:widget.instanceId + &quot;_backlinks-create-link&quot;' target='_blank'><data:post.createLinkLabel/></a>
  </p>
</b:includable>
<b:includable id='feedLinks'>
  <b:if cond='data:blog.pageType != &quot;item&quot;'> <!-- Blog feed links -->
    <b:if cond='data:feedLinks'>
      <div class='blog-feeds'>
        <b:include data='feedLinks' name='feedLinksBody'/>
      </div>
    </b:if>

    <b:else/> <!--Post feed links -->
    <div class='post-feeds'>
      <b:loop values='data:posts' var='post'>
        <b:if cond='data:post.allowComments'>
          <b:if cond='data:post.feedLinks'>
            <b:include data='post.feedLinks' name='feedLinksBody'/>
          </b:if>
        </b:if>
      </b:loop>
    </div>
  </b:if>
</b:includable>
<b:includable id='feedLinksBody' var='links'>
  <div class='feed-links'>
  <data:feedLinksMsg/>
  <b:loop values='data:links' var='f'>
     <a class='feed-link' expr:href='data:f.url' expr:type='data:f.mimeType' target='_blank'><data:f.name/> (<data:f.feedType/>)</a>
  </b:loop>
  </div>
</b:includable>
<b:includable id='status-message'>
  <b:if cond='data:navMessage'>
  <div class='status-msg-wrap'>
    <div class='status-msg-body'>
      <data:navMessage/>
    </div>
    <div class='status-msg-border'>
      <div class='status-msg-bg'>
        <div class='status-msg-hidden'><data:navMessage/></div>
      </div>
    </div>
  </div>
  <div style='clear: both;'/>
  </b:if>
</b:includable>
</b:widget>
</b:section>

	</div>
	<!-- /content -->

	<!-- Sidebar -->
	<div id='sidebar'>

	<!-- Sidebar Ads -->
    <b:section id='sidebar_ads' showaddelement='no' preferred='yes'>
    <b:widget id='Image1' locked='true' title='125x125 Ads1' type='Image'>
    <b:includable id='main'>
	<div>
      <b:if cond='data:link != &quot;&quot;'>
        <a expr:href='data:link'>
          <img expr:alt='data:title' expr:height='data:height' expr:id='data:widget.instanceId + &quot;_img&quot;' expr:src='data:sourceUrl' expr:width='data:width'/>
        </a>
      <b:else/>
        <img expr:alt='data:title' expr:height='data:height' expr:id='data:widget.instanceId + &quot;_img&quot;' expr:src='data:sourceUrl' expr:width='data:width'/>
      </b:if>
	</div>
    </b:includable>
    </b:widget>

    <b:widget id='Image2' locked='true' title='125x125 Ads2' type='Image'>
    <b:includable id='main'>
	<div>
      <b:if cond='data:link != &quot;&quot;'>
        <a expr:href='data:link'>
          <img expr:alt='data:title' expr:height='data:height' expr:id='data:widget.instanceId + &quot;_img&quot;' expr:src='data:sourceUrl' expr:width='data:width'/>
        </a>
      <b:else/>
        <img expr:alt='data:title' expr:height='data:height' expr:id='data:widget.instanceId + &quot;_img&quot;' expr:src='data:sourceUrl' expr:width='data:width'/>
      </b:if>
	</div>
    </b:includable>
    </b:widget>

    <b:widget id='Image3' locked='true' title='125x125 Ads3' type='Image'>
    <b:includable id='main'>
	<div>
      <b:if cond='data:link != &quot;&quot;'>
        <a expr:href='data:link'>
          <img expr:alt='data:title' expr:height='data:height' expr:id='data:widget.instanceId + &quot;_img&quot;' expr:src='data:sourceUrl' expr:width='data:width'/>
        </a>
      <b:else/>
        <img expr:alt='data:title' expr:height='data:height' expr:id='data:widget.instanceId + &quot;_img&quot;' expr:src='data:sourceUrl' expr:width='data:width'/>
      </b:if>
	</div>
    </b:includable>
    </b:widget>

    <b:widget id='Image4' locked='true' title='125x125 Ads4' type='Image'>
    <b:includable id='main'>
	<div>
      <b:if cond='data:link != &quot;&quot;'>
        <a expr:href='data:link'>
          <img expr:alt='data:title' expr:height='data:height' expr:id='data:widget.instanceId + &quot;_img&quot;' expr:src='data:sourceUrl' expr:width='data:width'/>
        </a>
      <b:else/>
        <img expr:alt='data:title' expr:height='data:height' expr:id='data:widget.instanceId + &quot;_img&quot;' expr:src='data:sourceUrl' expr:width='data:width'/>
      </b:if>
      <br/>
      <b:if cond='data:caption != &quot;&quot;'>
        <span class='caption'><data:caption/></span>
      </b:if>
	</div>
    </b:includable>
    </b:widget>
    </b:section>
	<!-- /Sidebar Ads -->
	
    <div class='sidebar_widgets_top'></div>
	<div class='sidebar_widgets'>
<b:section id='sidebar1' preferred='yes'>
<b:widget id='Followers1' locked='false' title='Followers' type='Followers'>
<b:includable id='main'>
  <b:if cond='data:title != &quot;&quot;'>
    <b:if cond='data:codeSnippet != &quot;&quot;'>
      <h2 class='title'><data:title/></h2>
    <b:else/>
      <b:if cond='data:totalFollowerCount != &quot;&quot;'>
        <h2 class='title'><data:title/> (<data:totalFollowerCount/>)</h2>
      </b:if>
    </b:if>  
  </b:if>
  <div class='widget-content'>
    <div expr:id='data:widget.instanceId + &quot;-wrapper&quot;'>
      <b:if cond='data:codeSnippet != &quot;&quot;'>
        <div style='margin-right:2px;'>
          <data:codeSnippet/>
        </div>
      <b:else/>
        <b:if cond='data:totalFollowerCount == &quot;&quot;'>
          <span class='item-control following-not-admin'>
            <b><data:failureSnippet/></b>
          </span>
          <span class='item-control blog-admin'>
            <b><data:adminFailureSnippet/></b>
          </span>
        <b:else/>
          <b:if cond='data:followingLinkPresent'>
            <div class='follow-this profile-link item-control following-follow-this'>
              <a expr:href='&quot;javascript:_FollowersView._openPopup(\&quot;&quot; + data:followUri + &quot;\&quot;);&quot;'>
                <data:followThisMessage/>
              </a>
            </div>
            <div class='follow-this profile-link item-control following-stop-following-this'>
              <a expr:href='&quot;javascript:_FollowersView._openPopup(\&quot;&quot; + data:followUri + &quot;\&quot;);&quot;'>
                <data:stopFollowingMessage/>
              </a>
            </div>
          </b:if>
  
          <div class='followers-grid'>
            <b:if cond='data:totalFollowerCount == 0'>
              <div class='profile-link item-control following-follow-this'>
                <data:emptyFollowersMessage/>
              </div>
            </b:if>
            <!--
            Relies on the js written out in navbar.gxp
            -->
            <b:loop values='data:followers' var='follower'>
              <div class='follower'>
                <a expr:href='data:follower.profileUrl' expr:title='data:follower.displayName' rel='nofollow'>
                <img class='follower-img' expr:alt='data:follower.displayName' expr:height='data:follower.imageHeight' expr:onerror='&quot;this.onerror=null;this.src=\&quot;&quot; + data:anonFollowerImageUrl + &quot;\&quot;;&quot;' expr:onload='&quot;setAttributeOnload(this, \&quot;src\&quot;, \&quot;&quot; + data:follower.imageUrl + &quot;\&quot;)&quot;' expr:width='data:follower.imageWidth' src='http://img1.blogblog.com/img/blank.gif'/>
                </a>
              </div>
            </b:loop>
            <div class='clear'/>
          </div>
  
          <div class='followers-canvas profile-link'>
            <data:followersFooterMessage/>
            <span class='item-control following-not-admin'>
              <a expr:href='data:followersUri'>
                <data:viewAllMessage/>
              </a>
            </span>
            <span class='item-control blog-admin'>
              <a expr:href='data:manageFollowersUri'>
                <data:manageFollowersMessage/>
              </a>
            </span>
          </div>
          </b:if>
      </b:if>
    </div>
    <b:include name='quickedit'/>
  </div>
</b:includable>
</b:widget>
<b:widget id='Profile1' locked='false' title='About Me' type='Profile'>
<b:includable id='main'>
    <b:if cond='data:title != &quot;&quot;'>
      <h2><data:title/></h2>
    </b:if>
    <div class='widget-content'>
    <b:if cond='data:team == &quot;true&quot;'> <!-- team blog profile -->
      <ul>
        <b:loop values='data:authors' var='i'>
          <li><a expr:href='data:i.userUrl'><data:i.display-name/></a></li>
        </b:loop>
      </ul>

      <b:else/> <!-- normal blog profile -->

      <b:if cond='data:photo.url != &quot;&quot;'>
        <a expr:href='data:userUrl'><img class='profile-img' expr:alt='data:photo.alt' expr:height='data:photo.height' expr:src='data:photo.url' expr:width='data:photo.width'/></a>
      </b:if>

      <dl class='profile-datablock'>
        <dt class='profile-data'><data:displayname/></dt>

        <b:if cond='data:showlocation == &quot;true&quot;'>
          <dd class='profile-data'><data:location/></dd>
        </b:if>

        <b:if cond='data:aboutme != &quot;&quot;'><dd class='profile-textblock'><data:aboutme/></dd></b:if>
      </dl>
      <a class='profile-link' expr:href='data:userUrl'><data:viewProfileMsg/></a>
    </b:if>

     <b:include name='quickedit'/>
    </div>
  </b:includable>
</b:widget>
<b:widget id='BlogArchive1' locked='false' title='Blog Archive' type='BlogArchive'>
<b:includable id='main'>
  <b:if cond='data:title'>
    <h2><data:title/></h2>
  </b:if>
  <div class='widget-content'>
  <div id='ArchiveList'>
  <div expr:id='data:widget.instanceId + &quot;_ArchiveList&quot;'>
    <b:if cond='data:style == &quot;HIERARCHY&quot;'>
     <b:include data='data' name='interval'/>
    </b:if>
    <b:if cond='data:style == &quot;FLAT&quot;'>
      <b:include data='data' name='flat'/>
    </b:if>
    <b:if cond='data:style == &quot;MENU&quot;'>
      <b:include data='data' name='menu'/>
    </b:if>
  </div>
  </div>
  <b:include name='quickedit'/>
  </div>
</b:includable>
<b:includable id='flat' var='data'>
  <ul>
    <b:loop values='data:data' var='i'>
      <li class='archivedate'>
        <a expr:href='data:i.url'><data:i.name/></a> (<data:i.post-count/>)
      </li>
    </b:loop>
  </ul>
</b:includable>
<b:includable id='menu' var='data'>
  <select expr:id='data:widget.instanceId + &quot;_ArchiveMenu&quot;'>
    <option value=''><data:title/></option>
    <b:loop values='data:data' var='i'>
      <option expr:value='data:i.url'><data:i.name/> (<data:i.post-count/>)</option>
    </b:loop>
  </select>
</b:includable>
<b:includable id='interval' var='intervalData'>
  <b:loop values='data:intervalData' var='i'>
      <ul>
        <li expr:class='&quot;archivedate &quot; + data:i.expclass'>
          <b:include data='i' name='toggle'/>
          <a class='post-count-link' expr:href='data:i.url'><data:i.name/></a>
            <span class='post-count' dir='ltr'>(<data:i.post-count/>)</span>
          <b:if cond='data:i.data'>
            <b:include data='i.data' name='interval'/>
          </b:if>
          <b:if cond='data:i.posts'>
            <b:include data='i.posts' name='posts'/>
          </b:if>
        </li>
      </ul>
  </b:loop>
</b:includable>
<b:includable id='toggle' var='interval'>
  <b:if cond='data:interval.toggleId'>
  <b:if cond='data:interval.expclass == &quot;expanded&quot;'>
    <a class='toggle' href='javascript:void(0)'>
      <span class='zippy toggle-open'>&#9660;&#160;</span>
    </a>
  <b:else/>
    <a class='toggle' href='javascript:void(0)'>
      <span class='zippy'>
        <b:if cond='data:blog.languageDirection == &quot;rtl&quot;'>
          &#9668;&#160;
        <b:else/>
          &#9658;&#160;
        </b:if>
      </span>
    </a>
  </b:if>
 </b:if>
</b:includable>
<b:includable id='posts' var='posts'>
  <ul class='posts'>
    <b:loop values='data:posts' var='i'>
      <li><a expr:href='data:i.url'><data:i.title/></a></li>
    </b:loop>
  </ul>
</b:includable>
</b:widget>
<b:widget id='Label1' locked='false' title='Labels' type='Label'>
<b:includable id='main'>
  <b:if cond='data:title'>
    <h2><data:title/></h2>
  </b:if>
  <div expr:class='&quot;widget-content &quot; + data:display + &quot;-label-widget-content&quot;'>
    <b:if cond='data:display == &quot;list&quot;'>
      <ul>
      <b:loop values='data:labels' var='label'>
        <li>
          <b:if cond='data:blog.url == data:label.url'>
            <span expr:dir='data:blog.languageDirection'><data:label.name/></span>
          <b:else/>
            <a expr:dir='data:blog.languageDirection' expr:href='data:label.url'><data:label.name/></a>
          </b:if>
          <b:if cond='data:showFreqNumbers'>
            <span dir='ltr'>(<data:label.count/>)</span>
          </b:if>
        </li>
      </b:loop>
      </ul>
    <b:else/>
      <b:loop values='data:labels' var='label'>
        <span expr:class='&quot;label-size label-size-&quot; + data:label.cssSize'>
          <b:if cond='data:blog.url == data:label.url'>
            <span expr:dir='data:blog.languageDirection'><data:label.name/></span>
          <b:else/>
            <a expr:dir='data:blog.languageDirection' expr:href='data:label.url'><data:label.name/></a>
          </b:if>
          <b:if cond='data:showFreqNumbers'>
            <span class='label-count' dir='ltr'>(<data:label.count/>)</span>
          </b:if>
        </span>
      </b:loop>
    </b:if>
    <b:include name='quickedit'/>
  </div>
</b:includable>
</b:widget>
</b:section>
	  </div>
	  <div class='sidebar_widgets_end'></div>
      </div>
	  <!-- /Sidebar -->

	</div>
	<!-- /body -->
  
  <!-- Footer -->
  <div id='footer'>
    <div id='footer_info'>
      <p>&#169; All Rights Reserved. <a expr:href='data:blog.homepageUrl'><data:blog.title/></a></p>
      <p class='copyrights'>Theme by : <b><a href='http://www.webhostingreport.com/'>Hosting</a></b> and <b><a href='http://www.webhostingreport.com/best-cheap-web-hosting.html'>Cheap Hosting</a></b></p>
    </div>
  </div>
  <!-- Footer -->

</div>
<!-- /Page -->

</body>
</html>
                